title,company,location,site,link
Senior Frontend Developer React/Angular/Vue,Sytac IT Consulting,"Amsterdam, Netherlands",StackOverFlow,https://stackoverflow.com/jobs/524937
"Frontend Engineer - Junior to Senior - Vue.js, Go",Ezoic,"Carlsbad, CA",StackOverFlow,https://stackoverflow.com/jobs/427868
Frontend Software Engineer (Vue),Captivation Software,"Linthicum Heights, MD",StackOverFlow,https://stackoverflow.com/jobs/525424
Lead Vue.js / PHP developer,HUBX,No office location,StackOverFlow,https://stackoverflow.com/jobs/397027
Vue.js Entwickler,Computer FuturesviaComputer Futures Solutions GmbH,via,StackOverFlow,https://stackoverflow.com/jobs/524475
Vue Engineer at Openly - Insurtech,Openly,No office location,StackOverFlow,https://stackoverflow.com/jobs/519599
Senior Full-Stack Engineer (Vue/Node),Wisely,No office location,StackOverFlow,https://stackoverflow.com/jobs/405895
"Full Stack Developer (VueJS, Ruby, Javascript)",Nurole Ltd,"London, UK",StackOverFlow,https://stackoverflow.com/jobs/331256
Senior PHP App Developer (Laravel/Vue.js),Delicious Brains Inc,No office location,StackOverFlow,https://stackoverflow.com/jobs/527145
"Full Stack Engineer (PHP, VueJS)",Modus Create,No office location,StackOverFlow,https://stackoverflow.com/jobs/526966
Senior Full-Stack Web Developer (Vue & Node),Nanome Inc,No office location,StackOverFlow,https://stackoverflow.com/jobs/511761
